username,password
guest,Guest2017
user,admin
usr,www.usr.cn
usr,123456
usr,usr
usr,123
root,zaq12wsxcde3
root,adminHW
ftpuser,0000
tillid,tillid123
atom,atom
root,Abc@12345
root,Lh123456
jay,jay123
root,Aa666666
root,root123*
root,netguardv2-2016
worker,worker
root,asdf@1234
newuser,1234
345gs5662d34,345gs5662d34
newuser,3245gs5662d34
root,123Qwe!@#
support,q1w2e3r4
root,zZ123456789
root,Nj123456
lucas,lucas123
ttt,ttt
root,1q2w3e4r!Q@W#E$R
root,xb@123456
update,update
root,hello!@#456
root,Password4321
scan,scan1234
bitrix,1qaz2wsx
debian,Debian2020
root,Test123!!
root,testtest
cam,cam
root,!@#zxc123
gui,gui
root,karim
v,KqCRxa5BkBQaB5Uw9h
pi,raspberry
root,Aa123456#
root,123456789aA@
vipul,vipul@123
root,potter
qf,qf
root,!@QW12qw
minecraft,123qwe
test,test!@
root,admin111
this,this123
amp,amp
cadmin,cadmin
hj,hj123
root,123qweR
jboss,jbosspass
sara,sara
root,Root1234!
root,Password2020
ubuntu,abc123456
admin,adminpass
root,@q1w2e3r4
kodi,kodi
games,abcd123
ab,ab123
root,Asdasd123!
cgpexpert,mt2013@HW
test1,12345678
ubuntu,p@ssw0rd
root,abcd!1234
root,123qwe..
hyz,hyz
root,A1b2C3d4
root,Gw.123456
root,root
ubnt,ubnt
root,router
root,oelinux123
monir,monir
patrick,patrick
root,new@123456
Linux,Linux
root,Zc123456@
mano,mano
catherine,catherine
root,suporte
flame,flame
admin,123456789
root,asd123
ubuntu,P@ssw0rd
root,abcd+1234
root,!@34qwer
gunter,gunter
root,mario123
daniel,changeme
root,A@a123456
root,privacy
karine,karine
root,root123!
ubuntu,ubuntu123!@#
leonardo,leonardo
root,asdqwe123!@#
ubuntu,!QAZ2wsx#EDC
openstack,openstack
root,botserver
root,semangat45
test,tester1234
root,Zaq1Xsw2Cde3
vital,vital
root,password
nas,nas123
root,P@ssw0rd123$
redhat,redhat123
hospub,hospub
debian,qweasdzxc
robert,robert123
ftpuser,user
root,Zxcvbnm,./
dist,dist
gitlab-runner,gitlab-runner
root,morpheus
root,Qaz123Wsx
root,P@ssw0rd.
khs,khs
ubuntu,Cloud@123
root,military
qbtuser,qbtuser
root,abcdefghi
test,test777
root,abcd@1234
jgreen,jgreen
root,jj1314520
root,qwe123QWE
user,Qwerty12345
root,%TGB5tgb
root,987654
remotessh,5SaP9I26
root,root123!!
zeshan,zeshan
root,w1e2r3t4
root,HW@123456
user,letmein123
webmail,webmail
root,j4**9c+p
admin,admin1234
admin,Admin123
bahar,bahar
admin,vadmin
bacula,bacula
admin,admin123!@#
admin,Admin
admin,admin123456
admin,test123
admin,9999
admin,12345
admin,adminpldt
admin,cisco12345
root,Welcome@2021
admin,ruijie
blake,blake
root,dolphin1
root,Admin1@3
apple,apple123
toor,toor
datastore,datastore123
root,qet135!#%
joko,joko
root,kedacom
root,123456a
mkopa,mkopa
root,123qaz!@#WSX
root,Ko123456@
osp,osp
guest2,guest2
pet,pet
postgres,111111
root,Root123!
root,test@456
bj,bj
root,Root123
root,lol
root,allan1
root,pham
root,Aa123456@
root,Welcome@888!
root,cacti2021
root,!QAZ1qaz1qaz
root,123Qwe123
sfserver,sfserver
support,Support2019
mcserver,server
sk,sk
root,testadmin
admin,qazwsx123
ala,ala
mysql,aini130.
joshua,joshua
root,videoflow
root,3641323vit
jak,jak
root,123456.
user,ec2-user
admin,P@ssw0rd@123
stephen,stephen123
root,root#12345
dockeruser,docker
ankur,ankur
tfj,tfj
prova,prova
root,huawei
integral,integral
teamspeak,1234567890
magento,magento@123
root,644612Pp
root,root10
root,cat1029
root,hi3518
root,Admin123..
sammy,test
root,asdf
root,Ab147258
root,mima123456
root,realtek
root,1111
root,@WSX2wsx
zhong,zhong
root,Dp!123456
root,Aa@123123
jspark,jspark
stone,stone
root,Abc-123456789
root,Admin@123#
wallet,wallet
root,Jt123456
ubuntu,abc
snake,snake
root,Qwerty7890
root,passwd
root,1qaz@WSX123!@#
root,setup
maximo,maximo
power,power123
devman,devman
root,112233445566
root,Admin007
root,Test2020
root,Gc123456
perforce,perforce
eacpdv,eacpdv
netz,netz
user,user@123
progress,progress
centos,Centos2010
root,Ls123456.
delfin,delfin
root,Google12345
Minecraft,Minecraft
happy,happy
centos,passw0rd
root,Linux123!@#
mason,mason123
halley,halley
labcat,labcat
888888,888888
root,hunt5759
service,service
root,vizxv
root,GM8182
admin,smcadmin
root,oelinux1234
guest,friend
root,123123
root,xmhdipc
root,00000000
admin,1988
root,founder88
root,Win1doW$
telnet,telnet
support,Support2020
deploy,P@$$w0rd
albert,albert1
shashi,shashi@123
root,My123456!
ubuntu,Password123
arnaud,arnaud
ueno,ueno
postgres,pgsql
admin,vertex25ektks123
root,P@55w0rd@123
root,Nb#123456
tempuser,tempuser
ftp,video
user,1
kopp,kopp
hxhtftp,hxhtadmin
sergey,sergey
root,Testing@123
oracle,pass123
root,Li123456.
root,Aa1234567890@
ftpuser,abcd
guest,guestguest
nazim,nazim
cartao,cartao
root,1123581321
root,@B0g0r123
gerrit,gerrit123
hassan,hassan
kaist,kaist
julian,julian
airadmin,airadmin
ars,ars
hxht,megaeyes
kk,kk
user,qwertyuiop
root,QAZwsx!23
root,Abc123++
oracle,system
ta,ta
servidor,servidor
root,aDMIN123
crmadmin,crmadmin123
root,Passw0rd.
root,jh@123456
ftp,qwerty
root,woaini1314.
rafael,rafael123
root,qwer`123
don,don
majid,majid
root,nagiosxi
root,1234qwer!@#$
root,@a123456
debug,debug
root,abcd1234!
root,Host123
dylan,dylan
gast,gast
jon,jon123
root,Password#1
root,Root#123456
mysql,mysql
blank,Blank2022
root,Aa.123456789
weixin,weixin123
root,Xy@123456789
root,walter
marconi,marconi
demo,1qaz@WSX
oraprod,oraprod
elconix,51572703
oracle,Oracle123!@#
root,asd.123456
ls,ls
root,Cloud@2020
wwww,wwww
root,Rs123456
zanthus,zanthus
aplikant,aplikant
jim,jim123
root,Passw0rd321
root,Admin12345
postgre,postgre
ximeng,ximeng
root,xX@123456
hina,hina
praise,praise
ftpuser,ftppasswd
ivan,ivan
root,pel2899100
root,0
root,Pa$$word
root,Password123!
root,novoadmin
root,adminserver2009
root,casper
test,test123test
dev,123456abc
liviu,liviu
root,12345678abcd
root,5up
bsu,bsu
root,Ha123456
nms,nms
root,pan
useradmin,useradmin
lavoro,lavoro
ubuntu,rootroot
root,qwer!@#$
ubuntu,ubuntu
root,ikwb
admin,ipcam_rt5350
admin,pass
root,juantech
centos,Centos2022
pi,pi
pi,Raspberry
root,w1nd0ws
root,123456aa
root,qwerty123.
root,!@#Qwe123
root,Qq@123456
flux,flux
splunk,splunk
tecnicos,tecnicos
root,Ys123456
gituser,gituser
root,unix
kosta,kosta
root,admin_123
root,Jz123456
svn,svnadmin
nobody,nobody
root,159357
root,Paris2021
root,sumavisionrd
root,Q1W2E3R4
root,dktkekf#$
r4,r4
mongodb2,mongodb2
root,Rootroot123
student7,student7
root,admin123.com
root,hanuman123
library,library@123
root,huawei123@
rashmi,rashmi
root,qq111111
sg,sg
user,Passw0rd123
root,1q2w3e4r5t@
root,031290
mateus,mateus
esanchez,esanchez
testing,testing
dreamer,dreamer
zxc,zxc
root,Gh123456!
root,123@qq.com
root,ak@123456
ops,ops123
root,carlos
root,Hu123456
root,Admin@2018
root,innovation
wduser,wduser
daniil,daniil
root,iflytek
ubuntu,P@ssword
support,Support2005
root,Xo123456
tak,tak
Flower,huazexi
xip,xip123
zhanglei,zhanglei123
kat,kat
oracle,oracle2020
respaldo,respaldo
logis,logis
ubuntu,P@ssw0rd12
cafe24,cafe24
root,12312300
globalflash,globalflash123
ubuntu,qwer1234
cdj,cdj
root,Abcd4321
admin,Qq123456
iptv,iptv123
admin,admin123admin
alice,abc123
root,qwer@1234!
contab,contab
root,caonima123.
root,hq123456
root,11235813
root,$co13113
root,ZAQ12wsx
root,ABC123abc
root,ADMINadmin123
tmpuser,tmpuser
ricardo,ricardo
root,123qqq...
dante,dante
root,qwert521
anonymous,anonymous123
root,Wmd123456
steve,steve
root,123456Qw
root,QWEqwe123!
root,siemens
ranjit,ranjit@123
root,123456aa.
chandan,chandan@123
eyftpuser,eyftpuser
root,Talent123
root,1234@Abc
root,ssh
fedora,fedora
compras,compras
jayant,jayant
root,Qwertyui123
test1,test2
root,Root#123
sistema,sistema
prog,prog
geoserver,geoserver
root,12345.com
root,Yo123456789
admin,admin3
abdullah,abdullah
root,Asd123
vaibhav,vaibhav@123
root,Root123456!
redmine,r3dm1n3
root,1234qwer.
root,Monkey123
user,123qwe!@#
root,root.com
root,cc1234
root,123qweASDZXC
root,office
songs,songs
root,abc!@#456
phpvirtualbox,phpvirtualbox
root,dell@2020
python,python@123
oracle,oracle21
lijian,lijian123
admin,admin@123
root,123456qwerty
root,123.abc
ndivo,ndivo
m,m
ubuntu,Ubuntu123
root,AAAbbb123456
root,Qq123321
zhuning,zhuning
felix,felix
root,hotel123
root,Cloud123
postgres,Qwer!234
root,Neo123456
ccs,ccs
aaa,aaa
root,Aa12345!
cordoba,cordoba
mobile,mobile
root,!@#qwe123456
root,root1234!@#$
root,!Q@W3e
root,password321
tomcat,tomcat123
mysql,mysql!
flink,flink
prateek,prateek
macro,macro
root,1qaz1qaz
misha,misha
root,China@123
root,hack
lixiangfeng,lixiangfeng
sonner,sonner
root,abc666666
root,xia
lora,lora
root,www.hao123.com
lbq,lbq
dockeradmin,dockeradmin
rodrigo,rodrigo
pedro,pedro
cristian,cristian
root,a
root,script
root,rootadmin@123
root,internet
root,P@ssw0rd1
root,qwert123@
root,Sf123456
games,111
prof,prof
upload,upload
swapnil,swapnil@123
root,tiger
iac,iac
dkp,dkp
root,Qwe123456789
tom,tom
root,Qwer123456.
pmr,pmr
kct,kct
axway,axway
root,qweasd1234
root,wangtao520
root,Zs!123456
ldiaz,ldiaz
diego,diego
testuser,usertest
nick,nick
root,!@#123qwe.
mills,mills
root,Zz123456
anis,anis
thiago,thiago
root,li123456
root,admin@1
ch,ch
thomas,thomas
root,P@ssw0rd2019
india,india
root,dupa123
root,fener1907
root,admin123...
root,R4e3w2q1
root,teste
luigi,luigi
root,spider
liuyu,liuyu
root,team12345
superuser,superuser
root,1qaz@WSX2020
bot,bot1234
root,kirry123
hdp,hdp
hpcadmin,hpcadmin
deng,deng
admin123,admin123
play,play
root,4815162342
gaa,gaa
server,server1
root,welcome2022
root,1q2w3e4r%t
root,123abcABC
root,dg10!#%#%
backup,q1w2e3r4t5
user,1qaz3edc
root,ivdev
root,Password1234$
ddos,ddos
root,root1
root,Admin@1234
root,!qwer1234
arnold,arnold
root,Welcome@2020
root,xiaoxue123
centos,Centos2001
root,Abc123##
root,123456Zw
admin,121212
mystic,mystic
test,123.com
hamza,hamza
amine,amine
gabriele,gabriele
chrome,chrome
oracle,linux
config,Config2003
root,r00t@1234
admin,admin#2022
root,Qaz123
mailadmin,mailadmin
ali,ali123
root,Cisco@123
root,India@123
root,install
hendi,hendi123
root,Qazxsw123
root,Lz@123456
pyo,pyo
root,abc123!@
sandi,sandi
student,student123
gpadmin,gpadmin
ale,ale
root,Asdf1234%
root,klv123
root,666666
root,alpine
root,comanche
render,render
middleware,middleware
yyq,yyq
inspur,inspur123
root,Cloud@123456
wpftp,wpftp
btest,btest
lpj,lpj
root,sispac
root,Dt123456.
root,ABCabc123@
wordpress,wordpress
root,drcom123
ubuntu,Ubuntu@123
user,user01
knockknockwhosthere,knockknockwhosthere
test,qwer
qfit,qfit
export,export
root,test1234
root,idc123456
root,Huawei1234
root,Hb123456@
root,Q1w2e3r4t5y6
mono,mono
application,application
bogdan,bogdan
root,password@2022
root,1qazXSW@#EDC
root,Server2021!
root,ABCabc123!
ahmed,ahmed123
shill,shill
root,Ab123456!
root,Hh.123456
root,!Aa123456
deploy,123qweasd
root,admin@111
root,1qaz@WSX2022
elk,elk
rahman,rahman
cit,cit
root,Av123456
admin,p@ssword1!
root,Pass.123
root,Bc123456.
root,!Q2w3e4r!
root,!QAZXSW@
wululu,wululu
student2,student2
root,mm
root,hallo123
admin,admin@2017
antiguo,antiguo
postgres,qwe123
quix,quix
root,1234509876
root,VPS
root,p@55w0rd
are,are123
admin,P@ssw0rd123456
ctp,ctp
root,Admin1234@
root,Xb@123456
root,dudejr5542
admin,asdqwe123
abcs,abcs1
root,123@Password
test_user,test_user
dan,dan1234
root,wl@123456
root,Abcd123$
share,share123
ubuntu,1q2w3e4r
root,root12#$
tomcat,tomcat!@
zhanghao,zhanghao
jeremy,jeremy123
ftpuser,ftpuser1
root,Lu123456.
odoo,odooodoo
test,P@ssw0rd!
nilson,nilson
root,secret123
user,user.123
baptiste,baptiste
root,qazwsx11
cisco,cisco
apa,apa
root,Rootroot1
root,111116
newadmin,newadmin
cis,cis
hudson,hudson
user,54321
oracle,welcome
albert,albert
root,agent
centos,Centos2003
tap,tap
svn,svn!@#$
default,Default2005
support,Support2002
root,zsun1188
nobody,Nobody2021
root,qazxsw
oracle,oracle
ubnt,Ubnt2012
hiroshi,hiroshi
bpuser,bpuser
root,vikas123
vodafone,vodafone
dev,dev123
root,Technology@123
root,!@#123456
root,Qwer123456789
test,Passw0rd
root,rzx1218
ghost,ghost123
odoo,odoo2022
root,P@ssw0rd01
gpohekar,gpohekar
root,123qweasdZXC
root,root123456A
bruce,bruce
operador,operador
jolan,jolan
founder,founder
audrey,audrey
root,Abcde!@#$%
zak,zak
root,123QWEASDzxc
root,P@ss2022
fw,fw
root,k33p0ut
root,ttnet
root,7ujMko0admin
root,xc3511
root,aquario
ubuntu,123321
rld,rld
mother,fucker
guest,guest
root,passwd123
rustserver,rustserver
root,1001chin
admin,1111111
usuario,1234567
root,default
root,anko
support,support
supervisor,zyad1234
root,7ujMko0vizxv
supervisor,supervisor
digi,digi
root,Zte521
root,1234qwer
default,antslq
root,klv1234
root,zlxx.
mssql,mssql
microlab,microlab
root,Server123
glavbuh,glavbuh
gmiranda,gmiranda
root,dreambox
root,Mtm$%889*G*S3%G
tech,tech
arun,arun
admin,zhongxing
root,Wd123456
root,8520
root,123123s
noc,noc@123
root,4e2q1w3r
root,vanessa
root,admin123#@!
ruhul,ruhul
root,12344321
root,wordpass
root,qwer1234$#@!
root,qaz12345
blab,blab
root,yuan5201314
ftpadmin,ftpadmin1
watanabe,watanabe
root,uw123456
root,Wu@123456
emc,emc
daniel,daniel123
root,P@ssw0rd#
root,Bd123456
gary,gary
tsminst1,tsminst1
assist,assist
root,Qweasd123!@#
hafizah,hafizah
root,Qwer4321
root,P@$$w0rd@2022
airdamin,airdamin
root,nopassword
root,qwe123!@
root,Hy@123456
root,secreto
root,digital@123
pruebaftp,pruebaftp
root,Q!W@E#R$
root,Welcome#123
sgrang,sgrang
root,a123456!@#
root,Huawei_123
shiny,shiny123
root,Yy123123
root,Aa134679
root,P@$$w0rd@123
plopez,plopez
corp,corp
root,!QAZ5tgb
wocloud,wocloud
root,1q2w3e!@#
admin,password01!
root,root123123
user,Qwerty123
test,12
manu,manu
games,games
root,t00r
root,Lb123456
dck,dck